N,Df,kf,rp_gstd,trials,successes,success_rate,avg_runtime_s,median_runtime_s,failure_stage_counts
64,1.8,0.8,1.0,5,5,1.0,0.39917707443237305,0.37688279151916504,{}
64,1.8,0.9,1.0,5,5,1.0,0.46112704277038574,0.46687865257263184,{}
64,1.8,1.0,1.0,5,5,1.0,0.4940948963165283,0.46716833114624023,{}
64,1.8,1.1,1.0,5,5,1.0,0.14531474113464354,0.08557963371276855,{}
64,1.8,1.2,1.0,5,5,1.0,0.045233631134033205,0.045056819915771484,{}
64,1.8,1.3,1.0,5,5,1.0,0.05314764976501465,0.05321216583251953,{}
64,1.8,1.4,1.0,5,5,1.0,0.05934715270996094,0.05834770202636719,{}
64,1.9,0.8,1.0,5,5,1.0,0.08383641242980958,0.08372044563293457,{}
64,1.9,0.9,1.0,5,5,1.0,0.06775193214416504,0.06698775291442871,{}
64,1.9,1.0,1.0,5,5,1.0,0.05124506950378418,0.048172712326049805,{}
64,1.9,1.1,1.0,5,5,1.0,0.04685211181640625,0.04673051834106445,{}
64,1.9,1.2,1.0,5,5,1.0,0.05991339683532715,0.052068471908569336,{}
64,1.9,1.3,1.0,5,5,1.0,0.05330781936645508,0.05233621597290039,{}
64,1.9,1.4,1.0,5,5,1.0,0.05490293502807617,0.05551028251647949,{}
64,2.0,0.8,1.0,5,5,1.0,0.05255236625671387,0.051729440689086914,{}
64,2.0,0.9,1.0,5,5,1.0,0.057872343063354495,0.05710744857788086,{}
64,2.0,1.0,1.0,5,5,1.0,0.05181527137756348,0.05074572563171387,{}
64,2.0,1.1,1.0,5,5,1.0,0.05597076416015625,0.054933786392211914,{}
64,2.0,1.2,1.0,5,5,1.0,0.06116771697998047,0.05701780319213867,{}
64,2.0,1.3,1.0,5,5,1.0,0.05962672233581543,0.060207366943359375,{}
64,2.0,1.4,1.0,5,5,1.0,0.06343588829040528,0.05980324745178223,{}
64,2.1,0.8,1.0,5,5,1.0,0.06267476081848145,0.05026078224182129,{}
64,2.1,0.9,1.0,5,5,1.0,0.05992546081542969,0.053711652755737305,{}
64,2.1,1.0,1.0,5,5,1.0,0.05212397575378418,0.050077199935913086,{}
64,2.1,1.1,1.0,5,5,1.0,0.06910223960876465,0.06467819213867188,{}
64,2.1,1.2,1.0,5,5,1.0,0.0674659252166748,0.06860494613647461,{}
64,2.1,1.3,1.0,5,5,1.0,0.06697020530700684,0.05867290496826172,{}
64,2.1,1.4,1.0,5,5,1.0,0.06657948493957519,0.06874227523803711,{}
64,2.2,0.8,1.0,5,5,1.0,0.05536255836486816,0.05579495429992676,{}
64,2.2,0.9,1.0,5,5,1.0,0.061054563522338866,0.052926063537597656,{}
64,2.2,1.0,1.0,5,5,1.0,0.0643758773803711,0.06614065170288086,{}
64,2.2,1.1,1.0,5,5,1.0,0.08022861480712891,0.07994270324707031,{}
64,2.2,1.2,1.0,5,5,1.0,0.10139942169189453,0.09225273132324219,{}
64,2.2,1.3,1.0,5,5,1.0,0.09165129661560059,0.08888411521911621,{}
64,2.2,1.4,1.0,5,5,1.0,0.11816110610961914,0.09960317611694336,{}
64,2.3,0.8,1.0,5,5,1.0,0.057761764526367186,0.05599665641784668,{}
64,2.3,0.9,1.0,5,5,1.0,0.07006692886352539,0.06198763847351074,{}
64,2.3,1.0,1.0,5,5,1.0,0.07738876342773438,0.08153152465820312,{}
64,2.3,1.1,1.0,5,5,1.0,0.10772294998168945,0.10967779159545898,{}
64,2.3,1.2,1.0,5,5,1.0,0.136780309677124,0.10087990760803223,{}
64,2.3,1.3,1.0,5,5,1.0,0.13438172340393068,0.11324095726013184,{}
64,2.3,1.4,1.0,5,5,1.0,0.17572221755981446,0.1666874885559082,{}
64,2.4,0.8,1.0,5,5,1.0,0.09351158142089844,0.09439754486083984,{}
64,2.4,0.9,1.0,5,5,1.0,0.1142165184020996,0.10895895957946777,{}
64,2.4,1.0,1.0,5,5,1.0,0.13475561141967773,0.12202930450439453,{}
64,2.4,1.1,1.0,5,5,1.0,0.12522597312927247,0.1205441951751709,{}
64,2.4,1.2,1.0,5,5,1.0,0.2578293800354004,0.244767427444458,{}
64,2.4,1.3,1.0,5,5,1.0,0.3233288288116455,0.265789270401001,{}
64,2.4,1.4,1.0,5,5,1.0,0.7467092514038086,0.7217648029327393,{}
64,2.5,0.8,1.0,5,5,1.0,0.10318021774291992,0.10741829872131348,{}
64,2.5,0.9,1.0,5,5,1.0,0.16968827247619628,0.15319108963012695,{}
64,2.5,1.0,1.0,5,5,1.0,0.1488478660583496,0.13210391998291016,{}
64,2.5,1.1,1.0,5,5,1.0,0.4252321720123291,0.4965651035308838,{}
64,2.5,1.2,1.0,5,5,1.0,1.7311704635620118,1.929013729095459,{}
64,2.5,1.3,1.0,5,5,1.0,3.967400598526001,4.787496089935303,{}
64,2.5,1.4,1.0,5,4,0.8,13.150729608535766,12.773544549942017,"{""CCA"": 1}"
64,1.8,0.8,1.5,5,5,1.0,0.11517724990844727,0.13563823699951172,{}
64,1.8,0.9,1.5,5,5,1.0,0.11510939598083496,0.13972020149230957,{}
64,1.8,1.0,1.5,5,5,1.0,0.12446770668029786,0.1331620216369629,{}
64,1.8,1.1,1.5,5,5,1.0,0.11222720146179199,0.1315608024597168,{}
64,1.8,1.2,1.5,5,5,1.0,0.1592503547668457,0.1343848705291748,{}
64,1.8,1.3,1.5,5,5,1.0,0.11460704803466797,0.1439516544342041,{}
64,1.8,1.4,1.5,5,5,1.0,0.11726102828979493,0.13993573188781738,{}
64,1.9,0.8,1.5,5,5,1.0,0.11062226295471192,0.13391470909118652,{}
64,1.9,0.9,1.5,5,5,1.0,0.11058125495910645,0.13115334510803223,{}
64,1.9,1.0,1.5,5,5,1.0,0.11685242652893066,0.13974714279174805,{}
64,1.9,1.1,1.5,5,5,1.0,0.12167582511901856,0.13459110260009766,{}
64,1.9,1.2,1.5,5,5,1.0,0.10961580276489258,0.1330423355102539,{}
64,1.9,1.3,1.5,5,5,1.0,0.13465375900268556,0.1377098560333252,{}
64,1.9,1.4,1.5,5,5,1.0,0.12308721542358399,0.13981080055236816,{}
64,2.0,0.8,1.5,5,5,1.0,0.11521787643432617,0.13407301902770996,{}
64,2.0,0.9,1.5,5,5,1.0,0.12021565437316895,0.14088153839111328,{}
64,2.0,1.0,1.5,5,5,1.0,0.11492013931274414,0.13853955268859863,{}
64,2.0,1.1,1.5,5,5,1.0,0.11818985939025879,0.1385340690612793,{}
64,2.0,1.2,1.5,5,5,1.0,0.1302133560180664,0.130418062210083,{}
64,2.0,1.3,1.5,5,5,1.0,0.12657403945922852,0.15037798881530762,{}
64,2.0,1.4,1.5,5,5,1.0,0.1480715274810791,0.15419578552246094,{}
64,2.1,0.8,1.5,5,5,1.0,0.11657099723815918,0.12892627716064453,{}
64,2.1,0.9,1.5,5,5,1.0,0.13316636085510253,0.15121746063232422,{}
64,2.1,1.0,1.5,5,5,1.0,0.12075815200805665,0.1486949920654297,{}
64,2.1,1.1,1.5,5,5,1.0,0.13019943237304688,0.14058780670166016,{}
64,2.1,1.2,1.5,5,5,1.0,0.164673376083374,0.18877029418945312,{}
64,2.1,1.3,1.5,5,5,1.0,0.16993656158447265,0.1893160343170166,{}
64,2.1,1.4,1.5,5,5,1.0,0.23135871887207032,0.26320624351501465,{}
64,2.2,0.8,1.5,5,5,1.0,0.13500070571899414,0.15945959091186523,{}
64,2.2,0.9,1.5,5,5,1.0,0.15097060203552246,0.16504240036010742,{}
64,2.2,1.0,1.5,5,5,1.0,0.17686119079589843,0.21501660346984863,{}
64,2.2,1.1,1.5,5,5,1.0,0.16692814826965333,0.1681368350982666,{}
64,2.2,1.2,1.5,5,5,1.0,0.22527480125427246,0.24269938468933105,{}
64,2.2,1.3,1.5,5,5,1.0,0.27909235954284667,0.32492637634277344,{}
64,2.2,1.4,1.5,5,5,1.0,0.40653247833251954,0.427504301071167,{}
64,2.3,0.8,1.5,5,5,1.0,0.15650219917297364,0.18478703498840332,{}
64,2.3,0.9,1.5,5,5,1.0,0.1643460750579834,0.18788361549377441,{}
64,2.3,1.0,1.5,5,5,1.0,0.19379053115844727,0.18431997299194336,{}
64,2.3,1.1,1.5,5,5,1.0,0.33050198554992677,0.3544657230377197,{}
64,2.3,1.2,1.5,5,5,1.0,0.3928107738494873,0.3619391918182373,{}
64,2.3,1.3,1.5,5,5,1.0,0.5123466491699219,0.5109312534332275,{}
64,2.3,1.4,1.5,5,5,1.0,4.775188684463501,4.034541606903076,{}
64,2.4,0.8,1.5,5,5,1.0,0.19006829261779784,0.21103596687316895,{}
64,2.4,0.9,1.5,5,5,1.0,0.27589874267578124,0.284665584564209,{}
64,2.4,1.0,1.5,5,5,1.0,0.4694690704345703,0.381669282913208,{}
64,2.4,1.1,1.5,5,5,1.0,1.0622352600097655,0.5220370292663574,{}
64,2.4,1.2,1.5,5,5,1.0,1.5772209167480469,1.3937747478485107,{}
64,2.4,1.3,1.5,5,2,0.4,32.11309995651245,35.796815395355225,"{""CCA"": 3}"
64,2.4,1.4,1.5,5,1,0.2,33.02610545158386,41.10629844665527,"{""CCA"": 4}"
64,2.5,0.8,1.5,5,5,1.0,0.3978437423706055,0.28218793869018555,{}
64,2.5,0.9,1.5,5,5,1.0,1.3771570205688477,1.517195463180542,{}
64,2.5,1.0,1.5,5,5,1.0,10.268358421325683,4.583514451980591,{}
64,2.5,1.1,1.5,5,3,0.6,21.532932424545287,32.36781668663025,"{""CCA"": 2}"
64,2.5,1.2,1.5,5,0,0.0,37.410511112213136,38.1101610660553,"{""CCA"": 5}"
64,2.5,1.3,1.5,5,0,0.0,36.19491558074951,38.29377222061157,"{""CCA"": 5}"
64,2.5,1.4,1.5,5,0,0.0,34.209398651123045,33.858238220214844,"{""CCA"": 5}"
64,1.8,0.8,1.9,5,5,1.0,0.3448753833770752,0.36131954193115234,{}
64,1.8,0.9,1.9,5,5,1.0,0.2984447956085205,0.2988600730895996,{}
64,1.8,1.0,1.9,5,5,1.0,0.31844444274902345,0.3335733413696289,{}
64,1.8,1.1,1.9,5,5,1.0,0.3206991195678711,0.2964053153991699,{}
64,1.8,1.2,1.9,5,5,1.0,0.3305396556854248,0.34485483169555664,{}
64,1.8,1.3,1.9,5,5,1.0,0.370381498336792,0.35663747787475586,{}
64,1.8,1.4,1.9,5,5,1.0,0.34273462295532225,0.33314990997314453,{}
64,1.9,0.8,1.9,5,5,1.0,0.3296042442321777,0.3274343013763428,{}
64,1.9,0.9,1.9,5,5,1.0,0.3244279384613037,0.32156848907470703,{}
64,1.9,1.0,1.9,5,5,1.0,0.3326470375061035,0.3135249614715576,{}
64,1.9,1.1,1.9,5,5,1.0,0.3312309741973877,0.3319587707519531,{}
64,1.9,1.2,1.9,5,5,1.0,0.3517929553985596,0.3432648181915283,{}
64,1.9,1.3,1.9,5,5,1.0,0.36967220306396487,0.3823065757751465,{}
64,1.9,1.4,1.9,5,5,1.0,0.39604878425598145,0.41341066360473633,{}
64,2.0,0.8,1.9,5,5,1.0,0.3345362186431885,0.33902573585510254,{}
64,2.0,0.9,1.9,5,5,1.0,0.3595059871673584,0.35283732414245605,{}
64,2.0,1.0,1.9,5,5,1.0,0.37822961807250977,0.3198063373565674,{}
64,2.0,1.1,1.9,5,5,1.0,0.3565073013305664,0.34145116806030273,{}
64,2.0,1.2,1.9,5,5,1.0,0.45030574798583983,0.39101243019104004,{}
64,2.0,1.3,1.9,5,5,1.0,0.4090149402618408,0.40578532218933105,{}
64,2.0,1.4,1.9,5,5,1.0,0.5137715339660645,0.5381865501403809,{}
64,2.1,0.8,1.9,5,5,1.0,0.3711721420288086,0.33727025985717773,{}
64,2.1,0.9,1.9,5,5,1.0,0.38176980018615725,0.35901570320129395,{}
64,2.1,1.0,1.9,5,5,1.0,0.44316673278808594,0.48373961448669434,{}
64,2.1,1.1,1.9,5,5,1.0,0.46414737701416015,0.5052881240844727,{}
64,2.1,1.2,1.9,5,5,1.0,0.6050066947937012,0.6640079021453857,{}
64,2.1,1.3,1.9,5,5,1.0,0.697890329360962,0.7699723243713379,{}
64,2.1,1.4,1.9,5,5,1.0,0.9861503124237061,1.1202473640441895,{}
64,2.2,0.8,1.9,5,5,1.0,0.39656357765197753,0.39235544204711914,{}
64,2.2,0.9,1.9,5,5,1.0,0.49382219314575193,0.4211862087249756,{}
64,2.2,1.0,1.9,5,5,1.0,0.7045333862304688,0.5789260864257812,{}
64,2.2,1.1,1.9,5,5,1.0,0.8544052600860595,0.7513771057128906,{}
64,2.2,1.2,1.9,5,5,1.0,1.9391726970672607,1.186854600906372,{}
64,2.2,1.3,1.9,5,5,1.0,3.303442144393921,1.912721872329712,{}
64,2.2,1.4,1.9,5,5,1.0,4.190887498855591,4.154610633850098,{}
64,2.3,0.8,1.9,5,5,1.0,0.5281760215759277,0.4588472843170166,{}
64,2.3,0.9,1.9,5,5,1.0,0.728818941116333,0.773064374923706,{}
64,2.3,1.0,1.9,5,5,1.0,1.820333480834961,1.4535627365112305,{}
64,2.3,1.1,1.9,5,5,1.0,5.837716054916382,3.191842794418335,{}
64,2.3,1.2,1.9,5,5,1.0,15.431981801986694,8.593740463256836,{}
64,2.3,1.3,1.9,5,4,0.8,31.385965156555176,37.655874729156494,"{""CCA"": 1}"
64,2.3,1.4,1.9,5,1,0.2,35.05657968521118,42.65877366065979,"{""CCA"": 4}"
64,2.4,0.8,1.9,5,5,1.0,2.279927682876587,0.9286203384399414,{}
64,2.4,0.9,1.9,5,5,1.0,2.5431638240814207,1.3824479579925537,{}
64,2.4,1.0,1.9,5,5,1.0,6.257136106491089,4.926274538040161,{}
64,2.4,1.1,1.9,5,3,0.6,21.75759620666504,13.298668146133423,"{""CCA"": 2}"
64,2.4,1.2,1.9,5,0,0.0,41.47408027648926,41.89551877975464,"{""CCA"": 5}"
64,2.4,1.3,1.9,5,0,0.0,38.79561557769775,38.47883152961731,"{""CCA"": 5}"
64,2.4,1.4,1.9,5,0,0.0,35.30501499176025,36.913320541381836,"{""CCA"": 5}"
64,2.5,0.8,1.9,5,4,0.8,14.905639505386352,13.764521598815918,"{""CCA"": 1}"
64,2.5,0.9,1.9,5,2,0.4,34.003289794921876,40.58198809623718,"{""CCA"": 3}"
64,2.5,1.0,1.9,5,0,0.0,41.65234875679016,41.845516204833984,"{""CCA"": 5}"
64,2.5,1.1,1.9,5,0,0.0,38.27827367782593,38.468177795410156,"{""CCA"": 5}"
64,2.5,1.2,1.9,5,0,0.0,32.75866985321045,32.37592077255249,"{""CCA"": 5}"
64,2.5,1.3,1.9,5,0,0.0,31.374720191955568,30.999261617660522,"{""CCA"": 5}"
64,2.5,1.4,1.9,5,0,0.0,27.417119026184082,28.105912685394287,"{""CCA"": 5}"
128,1.8,0.8,1.0,5,5,1.0,0.10245389938354492,0.09714555740356445,{}
128,1.8,0.9,1.0,5,5,1.0,0.11228289604187011,0.10961723327636719,{}
128,1.8,1.0,1.0,5,5,1.0,0.10629820823669434,0.1082155704498291,{}
128,1.8,1.1,1.0,5,5,1.0,0.10958342552185059,0.11143064498901367,{}
128,1.8,1.2,1.0,5,5,1.0,0.11488423347473145,0.11339259147644043,{}
128,1.8,1.3,1.0,5,5,1.0,0.10987763404846192,0.10897207260131836,{}
128,1.8,1.4,1.0,5,5,1.0,0.1071901798248291,0.10533380508422852,{}
128,1.9,0.8,1.0,5,5,1.0,0.10683565139770508,0.10641789436340332,{}
128,1.9,0.9,1.0,5,5,1.0,0.1053781509399414,0.10370349884033203,{}
128,1.9,1.0,1.0,5,5,1.0,0.12575249671936034,0.11934041976928711,{}
128,1.9,1.1,1.0,5,5,1.0,0.11212468147277832,0.11194872856140137,{}
128,1.9,1.2,1.0,5,5,1.0,0.11317100524902343,0.10985302925109863,{}
128,1.9,1.3,1.0,5,5,1.0,0.11226234436035157,0.1165628433227539,{}
128,1.9,1.4,1.0,5,5,1.0,0.11143126487731933,0.11435484886169434,{}
128,2.0,0.8,1.0,5,5,1.0,0.11422367095947265,0.11195182800292969,{}
128,2.0,0.9,1.0,5,5,1.0,0.1168057918548584,0.1120448112487793,{}
128,2.0,1.0,1.0,5,5,1.0,0.11402816772460937,0.10183835029602051,{}
128,2.0,1.1,1.0,5,5,1.0,0.12065687179565429,0.12899470329284668,{}
128,2.0,1.2,1.0,5,5,1.0,0.12988801002502443,0.12988042831420898,{}
128,2.0,1.3,1.0,5,5,1.0,0.12861833572387696,0.13642597198486328,{}
128,2.0,1.4,1.0,5,5,1.0,0.123065185546875,0.12054252624511719,{}
128,2.1,0.8,1.0,5,5,1.0,0.10572524070739746,0.10342669486999512,{}
128,2.1,0.9,1.0,5,5,1.0,0.1256464958190918,0.12482905387878418,{}
128,2.1,1.0,1.0,5,5,1.0,0.12384366989135742,0.12087655067443848,{}
128,2.1,1.1,1.0,5,5,1.0,0.15085458755493164,0.14922261238098145,{}
128,2.1,1.2,1.0,5,5,1.0,0.13983354568481446,0.13692712783813477,{}
128,2.1,1.3,1.0,5,5,1.0,0.16580018997192383,0.16050243377685547,{}
128,2.1,1.4,1.0,5,5,1.0,0.18665599822998047,0.16186285018920898,{}
128,2.2,0.8,1.0,5,5,1.0,0.11927824020385742,0.12050771713256836,{}
128,2.2,0.9,1.0,5,5,1.0,0.14237265586853026,0.13979458808898926,{}
128,2.2,1.0,1.0,5,5,1.0,0.1434786319732666,0.14519929885864258,{}
128,2.2,1.1,1.0,5,5,1.0,0.18985443115234374,0.1741325855255127,{}
128,2.2,1.2,1.0,5,5,1.0,0.17118573188781738,0.1673870086669922,{}
128,2.2,1.3,1.0,5,5,1.0,0.22833757400512694,0.2305586338043213,{}
128,2.2,1.4,1.0,5,5,1.0,0.2555988311767578,0.23246359825134277,{}
128,2.3,0.8,1.0,5,5,1.0,0.15169963836669922,0.14301180839538574,{}
128,2.3,0.9,1.0,5,5,1.0,0.17951812744140624,0.1811232566833496,{}
128,2.3,1.0,1.0,5,5,1.0,0.21355247497558594,0.1698894500732422,{}
128,2.3,1.1,1.0,5,5,1.0,0.24406042098999023,0.23993849754333496,{}
128,2.3,1.2,1.0,5,5,1.0,0.3348252773284912,0.34660792350769043,{}
128,2.3,1.3,1.0,5,5,1.0,0.5279149055480957,0.4139988422393799,{}
128,2.3,1.4,1.0,5,5,1.0,0.8077501773834228,0.9865572452545166,{}
128,2.4,0.8,1.0,5,5,1.0,0.19967827796936036,0.18070197105407715,{}
128,2.4,0.9,1.0,5,5,1.0,0.28978452682495115,0.22358489036560059,{}
128,2.4,1.0,1.0,5,5,1.0,0.5040685653686523,0.5100376605987549,{}
128,2.4,1.1,1.0,5,5,1.0,0.5572059154510498,0.5542304515838623,{}
128,2.4,1.2,1.0,5,5,1.0,0.7948437690734863,0.7586607933044434,{}
128,2.4,1.3,1.0,5,5,1.0,1.845756196975708,1.8352646827697754,{}
128,2.4,1.4,1.0,5,5,1.0,2.6762901306152345,1.4362986087799072,{}
128,2.5,0.8,1.0,5,5,1.0,0.31456170082092283,0.30255770683288574,{}
128,2.5,0.9,1.0,5,5,1.0,0.7828536033630371,0.7101335525512695,{}
128,2.5,1.0,1.0,5,5,1.0,1.7735592365264892,1.3336524963378906,{}
128,2.5,1.1,1.0,5,5,1.0,7.477495718002319,2.6628291606903076,{}
128,2.5,1.2,1.0,5,5,1.0,25.552162075042723,18.896584272384644,{}
128,2.5,1.3,1.0,5,4,0.8,74.70134310722351,71.9972665309906,"{""CCA"": 1}"
128,2.5,1.4,1.0,5,2,0.4,93.56536817550659,109.66883111000061,"{""CCA"": 3}"
128,1.8,0.8,1.5,5,5,1.0,0.2216045379638672,0.2201087474822998,{}
128,1.8,0.9,1.5,5,5,1.0,0.20690860748291015,0.19875717163085938,{}
128,1.8,1.0,1.5,5,5,1.0,0.2272167682647705,0.22298622131347656,{}
128,1.8,1.1,1.5,5,5,1.0,0.22500829696655272,0.23353934288024902,{}
128,1.8,1.2,1.5,5,5,1.0,0.2496485710144043,0.24514412879943848,{}
128,1.8,1.3,1.5,5,5,1.0,0.23302669525146485,0.21751880645751953,{}
128,1.8,1.4,1.5,5,5,1.0,0.2124312400817871,0.21468806266784668,{}
128,1.9,0.8,1.5,5,5,1.0,0.2380741596221924,0.24097371101379395,{}
128,1.9,0.9,1.5,5,5,1.0,0.1981525421142578,0.19486427307128906,{}
128,1.9,1.0,1.5,5,5,1.0,0.2202989101409912,0.22445321083068848,{}
128,1.9,1.1,1.5,5,5,1.0,0.19957418441772462,0.20242905616760254,{}
128,1.9,1.2,1.5,5,5,1.0,0.22377820014953614,0.2209172248840332,{}
128,1.9,1.3,1.5,5,5,1.0,0.22643938064575195,0.22559165954589844,{}
128,1.9,1.4,1.5,5,5,1.0,0.2420182704925537,0.22560763359069824,{}
128,2.0,0.8,1.5,5,5,1.0,0.20765275955200196,0.20244359970092773,{}
128,2.0,0.9,1.5,5,5,1.0,0.23813066482543946,0.2432394027709961,{}
128,2.0,1.0,1.5,5,5,1.0,0.22936687469482422,0.2364048957824707,{}
128,2.0,1.1,1.5,5,5,1.0,0.24457826614379882,0.24055886268615723,{}
128,2.0,1.2,1.5,5,5,1.0,0.2616136074066162,0.2506375312805176,{}
128,2.0,1.3,1.5,5,5,1.0,0.2458486557006836,0.22816252708435059,{}
128,2.0,1.4,1.5,5,5,1.0,0.26509952545166016,0.2505958080291748,{}
128,2.1,0.8,1.5,5,5,1.0,0.22718892097473145,0.2400670051574707,{}
128,2.1,0.9,1.5,5,5,1.0,0.23645591735839844,0.24483966827392578,{}
128,2.1,1.0,1.5,5,5,1.0,0.2515474796295166,0.24124932289123535,{}
128,2.1,1.1,1.5,5,5,1.0,0.257944393157959,0.25853681564331055,{}
128,2.1,1.2,1.5,5,5,1.0,0.31758937835693357,0.35321664810180664,{}
128,2.1,1.3,1.5,5,5,1.0,0.3097198486328125,0.29761457443237305,{}
128,2.1,1.4,1.5,5,5,1.0,0.38192181587219237,0.3785440921783447,{}
128,2.2,0.8,1.5,5,5,1.0,0.2720211982727051,0.2543938159942627,{}
128,2.2,0.9,1.5,5,5,1.0,0.24889225959777833,0.256990909576416,{}
128,2.2,1.0,1.5,5,5,1.0,0.3489231586456299,0.30359745025634766,{}
128,2.2,1.1,1.5,5,5,1.0,0.3359217643737793,0.29258084297180176,{}
128,2.2,1.2,1.5,5,5,1.0,0.4971607208251953,0.46990251541137695,{}
128,2.2,1.3,1.5,5,5,1.0,0.6564290046691894,0.6069073677062988,{}
128,2.2,1.4,1.5,5,5,1.0,1.0760605335235596,1.1118736267089844,{}
128,2.3,0.8,1.5,5,5,1.0,0.28758840560913085,0.2828700542449951,{}
128,2.3,0.9,1.5,5,5,1.0,0.474554443359375,0.43561530113220215,{}
128,2.3,1.0,1.5,5,5,1.0,0.5730772972106933,0.6163694858551025,{}
128,2.3,1.1,1.5,5,5,1.0,0.8902781963348388,0.7543542385101318,{}
128,2.3,1.2,1.5,5,5,1.0,3.3590277671813964,1.5962803363800049,{}
128,2.3,1.3,1.5,5,5,1.0,2.1293745040893555,2.2596113681793213,{}
128,2.3,1.4,1.5,5,5,1.0,6.592674255371094,5.952625036239624,{}
128,2.4,0.8,1.5,5,5,1.0,0.5119120121002197,0.4873967170715332,{}
128,2.4,0.9,1.5,5,5,1.0,0.7799355506896972,0.7991359233856201,{}
128,2.4,1.0,1.5,5,5,1.0,2.4705874919891357,1.9347820281982422,{}
128,2.4,1.1,1.5,5,5,1.0,30.64716796875,16.40786576271057,{}
128,2.4,1.2,1.5,5,5,1.0,49.048804664611815,33.468324422836304,{}
128,2.4,1.3,1.5,5,0,0.0,120.17004508972168,120.22395753860474,"{""TIMEOUT"": 5}"
128,2.4,1.4,1.5,5,0,0.0,120.15019164085388,120.03298568725586,"{""CCA"": 2, ""TIMEOUT"": 3}"
128,2.5,0.8,1.5,5,5,1.0,3.9749600410461428,4.904167652130127,{}
128,2.5,0.9,1.5,5,5,1.0,22.1880446434021,18.279212474822998,{}
128,2.5,1.0,1.5,5,2,0.4,100.48120985031127,117.49792313575745,"{""CCA"": 2, ""TIMEOUT"": 1}"
128,2.5,1.1,1.5,5,0,0.0,117.94121403694153,120.05219602584839,"{""CCA"": 3, ""TIMEOUT"": 2}"
128,2.5,1.2,1.5,5,0,0.0,120.10817413330078,120.1151397228241,"{""TIMEOUT"": 5}"
128,2.5,1.3,1.5,5,0,0.0,118.7186499595642,120.01869583129883,"{""CCA"": 1, ""TIMEOUT"": 4}"
128,2.5,1.4,1.5,5,0,0.0,111.19191837310791,106.95553207397461,"{""CCA"": 5}"
128,1.8,0.8,1.9,5,5,1.0,0.7220628738403321,0.6521966457366943,{}
128,1.8,0.9,1.9,5,5,1.0,0.7939714431762696,0.7054195404052734,{}
128,1.8,1.0,1.9,5,5,1.0,0.6964797496795654,0.6807634830474854,{}
128,1.8,1.1,1.9,5,5,1.0,0.6829491138458252,0.6587190628051758,{}
128,1.8,1.2,1.9,5,5,1.0,0.6962700843811035,0.6638774871826172,{}
128,1.8,1.3,1.9,5,5,1.0,0.767125129699707,0.7676191329956055,{}
128,1.8,1.4,1.9,5,5,1.0,0.7168726444244384,0.7289955615997314,{}
128,1.9,0.8,1.9,5,5,1.0,0.7366292476654053,0.6927497386932373,{}
128,1.9,0.9,1.9,5,5,1.0,0.7200309753417968,0.7472124099731445,{}
128,1.9,1.0,1.9,5,5,1.0,0.6942351818084717,0.6770145893096924,{}
128,1.9,1.1,1.9,5,5,1.0,0.70560622215271,0.6765608787536621,{}
128,1.9,1.2,1.9,5,5,1.0,0.7278145790100098,0.7055959701538086,{}
128,1.9,1.3,1.9,5,5,1.0,0.7381906986236573,0.7206323146820068,{}
128,1.9,1.4,1.9,5,5,1.0,0.7653858661651611,0.7238719463348389,{}
128,2.0,0.8,1.9,5,5,1.0,0.6996619701385498,0.6641566753387451,{}
128,2.0,0.9,1.9,5,5,1.0,0.7021444320678711,0.6874868869781494,{}
128,2.0,1.0,1.9,5,5,1.0,0.726430606842041,0.7089455127716064,{}
128,2.0,1.1,1.9,5,5,1.0,0.7666136741638183,0.809572696685791,{}
128,2.0,1.2,1.9,5,5,1.0,0.8334537982940674,0.8162062168121338,{}
128,2.0,1.3,1.9,5,5,1.0,0.9141929149627686,0.9179484844207764,{}
128,2.0,1.4,1.9,5,5,1.0,0.9735594272613526,1.0050060749053955,{}
128,2.1,0.8,1.9,5,5,1.0,0.7580788612365723,0.8431601524353027,{}
128,2.1,0.9,1.9,5,5,1.0,0.7939526557922363,0.7774178981781006,{}
128,2.1,1.0,1.9,5,5,1.0,0.8542792797088623,0.7774276733398438,{}
128,2.1,1.1,1.9,5,5,1.0,0.9551175594329834,0.9859952926635742,{}
128,2.1,1.2,1.9,5,5,1.0,1.2094892978668212,1.3841025829315186,{}
128,2.1,1.3,1.9,5,5,1.0,1.7397738933563232,1.9309742450714111,{}
128,2.1,1.4,1.9,5,5,1.0,2.9464173316955566,3.037062168121338,{}
128,2.2,0.8,1.9,5,5,1.0,0.8333570957183838,0.919757604598999,{}
128,2.2,0.9,1.9,5,5,1.0,1.0027880668640137,1.0897293090820312,{}
128,2.2,1.0,1.9,5,5,1.0,1.0972357749938966,1.093153715133667,{}
128,2.2,1.1,1.9,5,5,1.0,1.9379623889923097,1.9886894226074219,{}
128,2.2,1.2,1.9,5,5,1.0,3.6579028129577638,3.496302366256714,{}
128,2.2,1.3,1.9,5,5,1.0,17.98443522453308,7.822308301925659,{}
128,2.2,1.4,1.9,5,3,0.6,61.27765226364136,27.674627780914307,"{""TIMEOUT"": 2}"
128,2.3,0.8,1.9,5,5,1.0,1.4729440689086915,1.3343350887298584,{}
128,2.3,0.9,1.9,5,5,1.0,4.481499862670899,2.070068597793579,{}
128,2.3,1.0,1.9,5,5,1.0,5.299898290634156,4.7554991245269775,{}
128,2.3,1.1,1.9,5,5,1.0,45.264584589004514,39.75260925292969,{}
128,2.3,1.2,1.9,5,0,0.0,120.04837956428528,120.02575826644897,"{""TIMEOUT"": 5}"
128,2.3,1.3,1.9,5,0,0.0,118.31641430854798,120.0012378692627,"{""CCA"": 2, ""TIMEOUT"": 3}"
128,2.3,1.4,1.9,5,0,0.0,111.75118937492371,112.02508926391602,"{""CCA"": 3, ""TIMEOUT"": 2}"
128,2.4,0.8,1.9,5,5,1.0,14.194509077072144,5.507065057754517,{}
128,2.4,0.9,1.9,5,3,0.6,83.49422473907471,78.53675436973572,"{""TIMEOUT"": 2}"
128,2.4,1.0,1.9,5,0,0.0,120.05417561531067,120.04987668991089,"{""TIMEOUT"": 5}"
128,2.4,1.1,1.9,5,0,0.0,120.04204802513122,120.02433371543884,"{""CCA"": 1, ""TIMEOUT"": 4}"
128,2.4,1.2,1.9,5,0,0.0,106.0487904548645,103.64077162742615,"{""CCA"": 5}"
128,2.4,1.3,1.9,5,0,0.0,82.39168696403503,84.532390832901,"{""CCA"": 5}"
128,2.4,1.4,1.9,5,0,0.0,84.99923501014709,86.2155864238739,"{""CCA"": 5}"
128,2.5,0.8,1.9,5,1,0.2,101.8003442287445,120.05456137657166,"{""TIMEOUT"": 4}"
128,2.5,0.9,1.9,5,1,0.2,112.32424249649048,120.02199029922485,"{""CCA"": 1, ""TIMEOUT"": 3}"
128,2.5,1.0,1.9,5,0,0.0,115.26395053863526,116.78474617004395,"{""CCA"": 5}"
128,2.5,1.1,1.9,5,0,0.0,94.21827168464661,95.6194806098938,"{""CCA"": 5}"
128,2.5,1.2,1.9,5,0,0.0,79.44708914756775,79.77914619445801,"{""CCA"": 5}"
128,2.5,1.3,1.9,5,0,0.0,70.00420475006104,68.42728853225708,"{""CCA"": 5}"
128,2.5,1.4,1.9,5,0,0.0,68.82226719856263,68.13516640663147,"{""CCA"": 5}"
256,1.8,0.8,1.0,5,5,1.0,0.2315579891204834,0.22072148323059082,{}
256,1.8,0.9,1.0,5,5,1.0,0.281952953338623,0.2509803771972656,{}
256,1.8,1.0,1.0,5,5,1.0,0.2389526844024658,0.26158571243286133,{}
256,1.8,1.1,1.0,5,5,1.0,0.23972315788269044,0.2248401641845703,{}
256,1.8,1.2,1.0,5,5,1.0,0.22388176918029784,0.22482776641845703,{}
256,1.8,1.3,1.0,5,5,1.0,0.22849526405334472,0.23396849632263184,{}
256,1.8,1.4,1.0,5,5,1.0,0.22785286903381347,0.2332613468170166,{}
256,1.9,0.8,1.0,5,5,1.0,0.2500809669494629,0.25208282470703125,{}
256,1.9,0.9,1.0,5,5,1.0,0.21874799728393554,0.21966195106506348,{}
256,1.9,1.0,1.0,5,5,1.0,0.2446282386779785,0.22804570198059082,{}
256,1.9,1.1,1.0,5,5,1.0,0.22879958152770996,0.22898650169372559,{}
256,1.9,1.2,1.0,5,5,1.0,0.27443666458129884,0.24202823638916016,{}
256,1.9,1.3,1.0,5,5,1.0,0.24641079902648927,0.22787809371948242,{}
256,1.9,1.4,1.0,5,5,1.0,0.2855123519897461,0.26823997497558594,{}
256,2.0,0.8,1.0,5,5,1.0,0.25818567276000975,0.24831724166870117,{}
256,2.0,0.9,1.0,5,5,1.0,0.26880817413330077,0.26930809020996094,{}
256,2.0,1.0,1.0,5,5,1.0,0.2678072929382324,0.26873350143432617,{}
256,2.0,1.1,1.0,5,5,1.0,0.2544912815093994,0.2571437358856201,{}
256,2.0,1.2,1.0,5,5,1.0,0.2623178482055664,0.26136326789855957,{}
256,2.0,1.3,1.0,5,5,1.0,0.28700599670410154,0.2847466468811035,{}
256,2.0,1.4,1.0,5,5,1.0,0.32970895767211916,0.3393862247467041,{}
256,2.1,0.8,1.0,5,5,1.0,0.24025607109069824,0.24135088920593262,{}
256,2.1,0.9,1.0,5,5,1.0,0.2823960781097412,0.28422975540161133,{}
256,2.1,1.0,1.0,5,5,1.0,0.3206160545349121,0.32005834579467773,{}
256,2.1,1.1,1.0,5,5,1.0,0.3181276798248291,0.3263285160064697,{}
256,2.1,1.2,1.0,5,5,1.0,0.3637678623199463,0.3655049800872803,{}
256,2.1,1.3,1.0,5,5,1.0,0.33671936988830564,0.34021830558776855,{}
256,2.1,1.4,1.0,5,5,1.0,0.39645018577575686,0.37689709663391113,{}
256,2.2,0.8,1.0,5,5,1.0,0.33093671798706054,0.3315577507019043,{}
256,2.2,0.9,1.0,5,5,1.0,0.32427587509155276,0.31310486793518066,{}
256,2.2,1.0,1.0,5,5,1.0,0.38735084533691405,0.40616512298583984,{}
256,2.2,1.1,1.0,5,5,1.0,0.39207024574279786,0.37938666343688965,{}
256,2.2,1.2,1.0,5,5,1.0,0.48304004669189454,0.4050881862640381,{}
256,2.2,1.3,1.0,5,5,1.0,0.618321704864502,0.5835409164428711,{}
256,2.2,1.4,1.0,5,5,1.0,1.1926855564117431,0.9580488204956055,{}
256,2.3,0.8,1.0,5,5,1.0,0.37934370040893556,0.36960887908935547,{}
256,2.3,0.9,1.0,5,5,1.0,0.4860689640045166,0.4448418617248535,{}
256,2.3,1.0,1.0,5,5,1.0,0.6457858562469483,0.6179549694061279,{}
256,2.3,1.1,1.0,5,5,1.0,0.7579325675964356,0.6785953044891357,{}
256,2.3,1.2,1.0,5,5,1.0,1.0926315784454346,1.0619776248931885,{}
256,2.3,1.3,1.0,5,5,1.0,1.8502605438232422,1.0864274501800537,{}
256,2.3,1.4,1.0,5,5,1.0,3.4376079082489013,3.995837688446045,{}
256,2.4,0.8,1.0,5,5,1.0,0.6578893184661865,0.6545009613037109,{}
256,2.4,0.9,1.0,5,5,1.0,0.8564303398132325,0.91806960105896,{}
256,2.4,1.0,1.0,5,5,1.0,1.0755859851837157,1.1729819774627686,{}
256,2.4,1.1,1.0,5,5,1.0,3.320719051361084,1.8154172897338867,{}
256,2.4,1.2,1.0,5,5,1.0,10.477500629425048,4.679632663726807,{}
256,2.4,1.3,1.0,5,5,1.0,36.57491397857666,21.019293069839478,{}
256,2.4,1.4,1.0,5,5,1.0,35.44327158927918,30.956430196762085,{}
256,2.5,0.8,1.0,5,5,1.0,1.2351988315582276,1.209665298461914,{}
256,2.5,0.9,1.0,5,5,1.0,4.406885433197021,2.6813881397247314,{}
256,2.5,1.0,1.0,5,5,1.0,16.230800724029542,11.074879169464111,{}
256,2.5,1.1,1.0,5,2,0.4,81.56755137443542,120.64320492744446,"{""TIMEOUT"": 3}"
256,2.5,1.2,1.0,5,0,0.0,120.48506875038147,120.27761769294739,"{""TIMEOUT"": 5}"
256,2.5,1.3,1.0,5,0,0.0,120.78728346824646,120.53159594535828,"{""TIMEOUT"": 5}"
256,2.5,1.4,1.0,5,0,0.0,120.37116551399231,120.33157563209534,"{""TIMEOUT"": 5}"
256,1.8,0.8,1.5,5,5,1.0,0.4543928146362305,0.38983702659606934,{}
256,1.8,0.9,1.5,5,5,1.0,0.48128509521484375,0.40616631507873535,{}
256,1.8,1.0,1.5,5,5,1.0,0.4761962890625,0.4404726028442383,{}
256,1.8,1.1,1.5,5,5,1.0,0.47904009819030763,0.4197111129760742,{}
256,1.8,1.2,1.5,5,5,1.0,0.4626785755157471,0.3981053829193115,{}
256,1.8,1.3,1.5,5,5,1.0,0.45511398315429685,0.41749048233032227,{}
256,1.8,1.4,1.5,5,5,1.0,0.4802700996398926,0.4378020763397217,{}
256,1.9,0.8,1.5,5,5,1.0,0.4836512565612793,0.38364529609680176,{}
256,1.9,0.9,1.5,5,5,1.0,0.49236264228820803,0.40109825134277344,{}
256,1.9,1.0,1.5,5,5,1.0,0.5175873279571533,0.41440534591674805,{}
256,1.9,1.1,1.5,5,5,1.0,0.48965888023376464,0.4482438564300537,{}
256,1.9,1.2,1.5,5,5,1.0,0.49102063179016114,0.46164917945861816,{}
256,1.9,1.3,1.5,5,5,1.0,0.49511194229125977,0.4210212230682373,{}
256,1.9,1.4,1.5,5,5,1.0,0.5099249839782715,0.49294257164001465,{}
256,2.0,0.8,1.5,5,5,1.0,0.49126181602478025,0.4432194232940674,{}
256,2.0,0.9,1.5,5,5,1.0,0.5039882659912109,0.47486090660095215,{}
256,2.0,1.0,1.5,5,5,1.0,0.5018709182739258,0.4366607666015625,{}
256,2.0,1.1,1.5,5,5,1.0,0.5332395076751709,0.4579153060913086,{}
256,2.0,1.2,1.5,5,5,1.0,0.55563325881958,0.5637774467468262,{}
256,2.0,1.3,1.5,5,5,1.0,0.5758924961090088,0.5307655334472656,{}
256,2.0,1.4,1.5,5,5,1.0,0.5948341846466064,0.5169522762298584,{}
256,2.1,0.8,1.5,5,5,1.0,0.5207055568695068,0.4746711254119873,{}
256,2.1,0.9,1.5,5,5,1.0,0.5283553123474121,0.49380064010620117,{}
256,2.1,1.0,1.5,5,5,1.0,0.5581448554992676,0.5128633975982666,{}
256,2.1,1.1,1.5,5,5,1.0,0.6284077167510986,0.5870554447174072,{}
256,2.1,1.2,1.5,5,5,1.0,0.7934852123260498,0.7542555332183838,{}
256,2.1,1.3,1.5,5,5,1.0,0.7425271034240722,0.6772799491882324,{}
256,2.1,1.4,1.5,5,5,1.0,0.975200891494751,0.915818452835083,{}
256,2.2,0.8,1.5,5,5,1.0,0.6062666893005371,0.5528175830841064,{}
256,2.2,0.9,1.5,5,5,1.0,0.6981164455413819,0.6880645751953125,{}
256,2.2,1.0,1.5,5,5,1.0,0.800766897201538,0.6922740936279297,{}
256,2.2,1.1,1.5,5,5,1.0,1.212355136871338,1.0853636264801025,{}
256,2.2,1.2,1.5,5,5,1.0,1.108600664138794,1.2684357166290283,{}
256,2.2,1.3,1.5,5,5,1.0,1.9200843811035155,1.7482445240020752,{}
256,2.2,1.4,1.5,5,5,1.0,3.4956862449646,3.407425880432129,{}
256,2.3,0.8,1.5,5,5,1.0,0.8588053226470947,0.8346617221832275,{}
256,2.3,0.9,1.5,5,5,1.0,0.9630125045776368,0.9591019153594971,{}
256,2.3,1.0,1.5,5,5,1.0,1.6607370853424073,1.700690746307373,{}
256,2.3,1.1,1.5,5,5,1.0,3.4529381275177,2.7426252365112305,{}
256,2.3,1.2,1.5,5,5,1.0,14.487762069702148,6.188411235809326,{}
256,2.3,1.3,1.5,5,5,1.0,31.087637662887573,10.994572401046753,{}
256,2.3,1.4,1.5,5,1,0.2,108.44702386856079,120.54614448547363,"{""TIMEOUT"": 4}"
256,2.4,0.8,1.5,5,5,1.0,2.402315282821655,1.7497174739837646,{}
256,2.4,0.9,1.5,5,5,1.0,6.985377502441406,4.457402229309082,{}
256,2.4,1.0,1.5,5,5,1.0,20.73307089805603,23.231022357940674,{}
256,2.4,1.1,1.5,5,1,0.2,119.69537777900696,121.03814625740051,"{""TIMEOUT"": 4}"
256,2.4,1.2,1.5,5,0,0.0,120.55188913345337,120.43890929222107,"{""TIMEOUT"": 5}"
256,2.4,1.3,1.5,5,0,0.0,120.43351764678955,120.3842306137085,"{""TIMEOUT"": 5}"
256,2.4,1.4,1.5,5,0,0.0,120.3124276638031,120.17524218559265,"{""TIMEOUT"": 5}"
256,2.5,0.8,1.5,5,5,1.0,24.46797070503235,19.541290044784546,{}
256,2.5,0.9,1.5,5,0,0.0,120.26927671432495,120.18491458892822,"{""TIMEOUT"": 5}"
256,2.5,1.0,1.5,5,0,0.0,120.57581124305725,120.33286213874817,"{""TIMEOUT"": 5}"
256,2.5,1.1,1.5,5,0,0.0,120.44047422409058,120.3390064239502,"{""TIMEOUT"": 5}"
256,2.5,1.2,1.5,5,0,0.0,120.33535380363465,120.34080743789673,"{""TIMEOUT"": 5}"
256,2.5,1.3,1.5,5,0,0.0,120.17618126869202,120.13837027549744,"{""TIMEOUT"": 5}"
256,2.5,1.4,1.5,5,0,0.0,120.4362603187561,120.30386519432068,"{""TIMEOUT"": 5}"
256,1.8,0.8,1.9,5,5,1.0,1.1582423210144044,1.1668877601623535,{}
256,1.8,0.9,1.9,5,5,1.0,1.1771464347839355,1.2512059211730957,{}
256,1.8,1.0,1.9,5,5,1.0,1.1800626277923585,1.1310274600982666,{}
256,1.8,1.1,1.9,5,5,1.0,1.1648082733154297,1.1863155364990234,{}
256,1.8,1.2,1.9,5,5,1.0,1.2214747428894044,1.1929457187652588,{}
256,1.8,1.3,1.9,5,5,1.0,1.2378945350646973,1.2537040710449219,{}
256,1.8,1.4,1.9,5,5,1.0,1.2789377212524413,1.3568217754364014,{}
256,1.9,0.8,1.9,5,5,1.0,1.1934020519256592,1.188274621963501,{}
256,1.9,0.9,1.9,5,5,1.0,1.1810944557189942,1.1903355121612549,{}
256,1.9,1.0,1.9,5,5,1.0,1.2274238109588622,1.2084457874298096,{}
256,1.9,1.1,1.9,5,5,1.0,1.24564847946167,1.2221288681030273,{}
256,1.9,1.2,1.9,5,5,1.0,1.2544006824493408,1.2607505321502686,{}
256,1.9,1.3,1.9,5,5,1.0,1.4856138229370117,1.438962459564209,{}
256,1.9,1.4,1.9,5,5,1.0,1.415814256668091,1.4242780208587646,{}
256,2.0,0.8,1.9,5,5,1.0,1.2272162437438965,1.2092983722686768,{}
256,2.0,0.9,1.9,5,5,1.0,1.2560009002685546,1.2964279651641846,{}
256,2.0,1.0,1.9,5,5,1.0,1.3281343936920167,1.3337838649749756,{}
256,2.0,1.1,1.9,5,5,1.0,1.462963914871216,1.5204675197601318,{}
256,2.0,1.2,1.9,5,5,1.0,1.8644610404968263,1.9577946662902832,{}
256,2.0,1.3,1.9,5,5,1.0,2.299174451828003,2.348155975341797,{}
256,2.0,1.4,1.9,5,5,1.0,2.9537962913513183,2.303661584854126,{}
256,2.1,0.8,1.9,5,5,1.0,1.360179853439331,1.4107720851898193,{}
256,2.1,0.9,1.9,5,5,1.0,1.5758869171142578,1.4512348175048828,{}
256,2.1,1.0,1.9,5,5,1.0,2.1210049629211425,1.9024226665496826,{}
256,2.1,1.1,1.9,5,5,1.0,2.8301377296447754,2.2093870639801025,{}
256,2.1,1.2,1.9,5,5,1.0,5.747666549682617,4.120965003967285,{}
256,2.1,1.3,1.9,5,5,1.0,11.602992534637451,10.368622541427612,{}
256,2.1,1.4,1.9,5,5,1.0,14.531572341918945,12.59332799911499,{}
256,2.2,0.8,1.9,5,5,1.0,2.544465208053589,2.1776554584503174,{}
256,2.2,0.9,1.9,5,5,1.0,3.8791872024536134,3.2097578048706055,{}
256,2.2,1.0,1.9,5,5,1.0,6.288798046112061,5.409884691238403,{}
256,2.2,1.1,1.9,5,5,1.0,12.005729484558106,11.68688440322876,{}
256,2.2,1.2,1.9,5,5,1.0,42.20285081863403,23.6313374042511,{}
256,2.2,1.3,1.9,5,3,0.6,91.39585790634155,89.00104856491089,"{""TIMEOUT"": 2}"
256,2.2,1.4,1.9,5,1,0.2,117.34430875778199,120.06463670730591,"{""TIMEOUT"": 4}"
256,2.3,0.8,1.9,5,5,1.0,12.032824325561524,6.486281633377075,{}
256,2.3,0.9,1.9,5,5,1.0,33.434109926223755,18.09700036048889,{}
256,2.3,1.0,1.9,5,1,0.2,110.17153539657593,120.13103652000427,"{""TIMEOUT"": 4}"
256,2.3,1.1,1.9,5,0,0.0,120.30135064125061,120.2540431022644,"{""TIMEOUT"": 5}"
256,2.3,1.2,1.9,5,0,0.0,120.50992040634155,120.25918364524841,"{""TIMEOUT"": 5}"
256,2.3,1.3,1.9,5,0,0.0,120.18604440689087,120.19566988945007,"{""TIMEOUT"": 5}"
256,2.3,1.4,1.9,5,0,0.0,120.161794090271,120.1792380809784,"{""TIMEOUT"": 5}"
256,2.4,0.8,1.9,5,1,0.2,99.36709775924683,121.04868507385254,"{""TIMEOUT"": 4}"
256,2.4,0.9,1.9,5,0,0.0,120.46620903015136,120.39505195617676,"{""TIMEOUT"": 5}"
256,2.4,1.0,1.9,5,0,0.0,120.17573227882386,120.05060768127441,"{""TIMEOUT"": 5}"
256,2.4,1.1,1.9,5,0,0.0,120.1437623500824,120.15944957733154,"{""TIMEOUT"": 5}"
256,2.4,1.2,1.9,5,0,0.0,120.13177795410157,120.1208975315094,"{""TIMEOUT"": 5}"
256,2.4,1.3,1.9,5,0,0.0,120.18214240074158,120.16246199607849,"{""TIMEOUT"": 5}"
256,2.4,1.4,1.9,5,0,0.0,120.09167518615723,120.06338691711426,"{""TIMEOUT"": 5}"
256,2.5,0.8,1.9,5,0,0.0,120.19871158599854,120.11445736885071,"{""TIMEOUT"": 5}"
256,2.5,0.9,1.9,5,0,0.0,120.25228996276856,120.24020743370056,"{""TIMEOUT"": 5}"
256,2.5,1.0,1.9,5,0,0.0,120.10790338516236,120.02552390098572,"{""TIMEOUT"": 5}"
256,2.5,1.1,1.9,5,0,0.0,120.08840055465699,120.03135561943054,"{""TIMEOUT"": 5}"
256,2.5,1.2,1.9,5,0,0.0,120.09801039695739,120.08057117462158,"{""TIMEOUT"": 5}"
256,2.5,1.3,1.9,5,0,0.0,120.16290555000305,120.18972635269165,"{""TIMEOUT"": 5}"
256,2.5,1.4,1.9,5,0,0.0,120.34161810874939,120.20399785041809,"{""TIMEOUT"": 5}"
512,1.8,0.8,1.0,5,5,1.0,0.6184515953063965,0.616626501083374,{}
512,1.8,0.9,1.0,5,5,1.0,0.524208927154541,0.5028285980224609,{}
512,1.8,1.0,1.0,5,5,1.0,0.5620005130767822,0.5667765140533447,{}
512,1.8,1.1,1.0,5,5,1.0,0.6066635608673095,0.5719776153564453,{}
512,1.8,1.2,1.0,5,5,1.0,0.567400598526001,0.5653400421142578,{}
512,1.8,1.3,1.0,5,5,1.0,0.6253034591674804,0.6150267124176025,{}
512,1.8,1.4,1.0,5,5,1.0,0.6528900146484375,0.6827447414398193,{}
512,1.9,0.8,1.0,5,5,1.0,0.549355936050415,0.5380773544311523,{}
512,1.9,0.9,1.0,5,5,1.0,0.6074820041656495,0.5942106246948242,{}
512,1.9,1.0,1.0,5,5,1.0,0.6082184314727783,0.6265912055969238,{}
512,1.9,1.1,1.0,5,5,1.0,0.6410698413848877,0.6572666168212891,{}
512,1.9,1.2,1.0,5,5,1.0,0.6411238670349121,0.5893964767456055,{}
512,1.9,1.3,1.0,5,5,1.0,0.5979204654693604,0.5946285724639893,{}
512,1.9,1.4,1.0,5,5,1.0,0.6649374008178711,0.6941046714782715,{}
512,2.0,0.8,1.0,5,5,1.0,0.6367457389831543,0.6102340221405029,{}
512,2.0,0.9,1.0,5,5,1.0,0.5949828147888183,0.6022334098815918,{}
512,2.0,1.0,1.0,5,5,1.0,0.6987820148468018,0.7055234909057617,{}
512,2.0,1.1,1.0,5,5,1.0,0.6314386844635009,0.6373870372772217,{}
512,2.0,1.2,1.0,5,5,1.0,0.7707394123077392,0.698765754699707,{}
512,2.0,1.3,1.0,5,5,1.0,0.7371420383453369,0.775909423828125,{}
512,2.0,1.4,1.0,5,5,1.0,0.7916428089141846,0.8179092407226562,{}
512,2.1,0.8,1.0,5,5,1.0,0.6761665344238281,0.6900999546051025,{}
512,2.1,0.9,1.0,5,5,1.0,0.7175095081329346,0.711362361907959,{}
512,2.1,1.0,1.0,5,5,1.0,0.8013460636138916,0.7039945125579834,{}
512,2.1,1.1,1.0,5,5,1.0,0.8805417060852051,0.7641894817352295,{}
512,2.1,1.2,1.0,5,5,1.0,0.9054026126861572,0.925947904586792,{}
512,2.1,1.3,1.0,5,5,1.0,1.0880818843841553,1.0068068504333496,{}
512,2.1,1.4,1.0,5,5,1.0,1.0179999828338624,1.0062291622161865,{}
512,2.2,0.8,1.0,5,5,1.0,0.7870895385742187,0.8053691387176514,{}
512,2.2,0.9,1.0,5,5,1.0,0.8943735122680664,0.8594565391540527,{}
512,2.2,1.0,1.0,5,5,1.0,1.020029067993164,0.9997639656066895,{}
512,2.2,1.1,1.0,5,5,1.0,1.294359016418457,1.3860538005828857,{}
512,2.2,1.2,1.0,5,5,1.0,1.4396336078643799,1.278693437576294,{}
512,2.2,1.3,1.0,5,5,1.0,2.1232485294342043,2.1317710876464844,{}
512,2.2,1.4,1.0,5,5,1.0,2.291308879852295,2.607743263244629,{}
512,2.3,0.8,1.0,5,5,1.0,1.2182956695556642,1.2964653968811035,{}
512,2.3,0.9,1.0,5,5,1.0,1.6662424564361573,1.7530043125152588,{}
512,2.3,1.0,1.0,5,5,1.0,2.1928281784057617,1.9557006359100342,{}
512,2.3,1.1,1.0,5,5,1.0,2.379742383956909,2.3605427742004395,{}
512,2.3,1.2,1.0,5,5,1.0,7.230556058883667,7.1894402503967285,{}
512,2.3,1.3,1.0,5,5,1.0,7.5042938709259035,6.622766733169556,{}
512,2.3,1.4,1.0,5,5,1.0,39.89800710678101,43.150811433792114,{}
512,2.4,0.8,1.0,5,5,1.0,2.7358872413635256,2.636014699935913,{}
512,2.4,0.9,1.0,5,5,1.0,5.4916575908660885,2.971574306488037,{}
512,2.4,1.0,1.0,5,5,1.0,20.322513914108278,9.482742071151733,{}
512,2.4,1.1,1.0,5,5,1.0,15.888616466522217,10.691709280014038,{}
512,2.4,1.2,1.0,5,3,0.6,90.77035098075866,93.55984282493591,"{""TIMEOUT"": 2}"
512,2.4,1.3,1.0,5,3,0.6,95.16218209266663,93.68770933151245,"{""TIMEOUT"": 2}"
512,2.4,1.4,1.0,5,0,0.0,124.92524609565734,124.09806656837463,"{""TIMEOUT"": 5}"
512,2.5,0.8,1.0,5,5,1.0,21.61157660484314,13.65975046157837,{}
512,2.5,0.9,1.0,5,5,1.0,28.239685678482054,30.651935815811157,{}
512,2.5,1.0,1.0,5,1,0.2,109.40120034217834,123.22378516197205,"{""TIMEOUT"": 4}"
512,2.5,1.1,1.0,5,0,0.0,122.56906757354736,122.5239839553833,"{""TIMEOUT"": 5}"
512,2.5,1.2,1.0,5,0,0.0,124.90071849822998,123.13890624046326,"{""TIMEOUT"": 5}"
512,2.5,1.3,1.0,5,0,0.0,122.84666032791138,121.47458529472351,"{""TIMEOUT"": 5}"
512,2.5,1.4,1.0,5,0,0.0,123.06982412338257,122.91972255706787,"{""TIMEOUT"": 5}"
512,1.8,0.8,1.5,5,5,1.0,1.0303495883941651,0.946232795715332,{}
512,1.8,0.9,1.5,5,5,1.0,0.9713744640350341,0.9488821029663086,{}
512,1.8,1.0,1.5,5,5,1.0,1.0128187656402587,1.1149988174438477,{}
512,1.8,1.1,1.5,5,5,1.0,0.9309066772460938,0.9400148391723633,{}
512,1.8,1.2,1.5,5,5,1.0,1.00715012550354,0.9485383033752441,{}
512,1.8,1.3,1.5,5,5,1.0,0.9732982158660889,1.0054850578308105,{}
512,1.8,1.4,1.5,5,5,1.0,1.063950777053833,1.0651943683624268,{}
512,1.9,0.8,1.5,5,5,1.0,1.0489789485931396,1.1001911163330078,{}
512,1.9,0.9,1.5,5,5,1.0,1.0261481761932374,1.0387701988220215,{}
512,1.9,1.0,1.5,5,5,1.0,1.0429109573364257,0.9971072673797607,{}
512,1.9,1.1,1.5,5,5,1.0,0.9960011005401611,0.9949793815612793,{}
512,1.9,1.2,1.5,5,5,1.0,1.0504801750183106,1.0644505023956299,{}
512,1.9,1.3,1.5,5,5,1.0,1.1054516315460206,1.0911521911621094,{}
512,1.9,1.4,1.5,5,5,1.0,1.1751461505889893,1.2427246570587158,{}
512,2.0,0.8,1.5,5,5,1.0,1.0329312801361084,1.0470211505889893,{}
512,2.0,0.9,1.5,5,5,1.0,1.1250384330749512,1.1376416683197021,{}
512,2.0,1.0,1.5,5,5,1.0,1.0469040393829345,1.0272295475006104,{}
512,2.0,1.1,1.5,5,5,1.0,1.1715781688690186,1.1872375011444092,{}
512,2.0,1.2,1.5,5,5,1.0,1.1874688625335694,1.2563247680664062,{}
512,2.0,1.3,1.5,5,5,1.0,1.3036518096923828,1.3677661418914795,{}
512,2.0,1.4,1.5,5,5,1.0,1.3416982173919678,1.4204630851745605,{}
512,2.1,0.8,1.5,5,5,1.0,1.136648178100586,1.227992057800293,{}
512,2.1,0.9,1.5,5,5,1.0,1.2729469776153564,1.209542989730835,{}
512,2.1,1.0,1.5,5,5,1.0,1.4658395290374755,1.5018587112426758,{}
512,2.1,1.1,1.5,5,5,1.0,1.504499578475952,1.4794120788574219,{}
512,2.1,1.2,1.5,5,5,1.0,1.6184861660003662,1.6727707386016846,{}
512,2.1,1.3,1.5,5,5,1.0,1.942464828491211,2.038740396499634,{}
512,2.1,1.4,1.5,5,5,1.0,2.5469050884246824,2.7066125869750977,{}
512,2.2,0.8,1.5,5,5,1.0,1.3740809440612793,1.2714323997497559,{}
512,2.2,0.9,1.5,5,5,1.0,1.726845121383667,1.6686811447143555,{}
512,2.2,1.0,1.5,5,5,1.0,2.4775912761688232,2.6005992889404297,{}
512,2.2,1.1,1.5,5,5,1.0,2.989777088165283,2.689786434173584,{}
512,2.2,1.2,1.5,5,5,1.0,3.953093147277832,3.6816627979278564,{}
512,2.2,1.3,1.5,5,5,1.0,6.110592269897461,5.507550477981567,{}
512,2.2,1.4,1.5,5,5,1.0,10.339805030822754,10.037914991378784,{}
512,2.3,0.8,1.5,5,5,1.0,2.87873911857605,3.134455442428589,{}
512,2.3,0.9,1.5,5,5,1.0,3.6396841049194335,3.5905909538269043,{}
512,2.3,1.0,1.5,5,5,1.0,5.246417474746704,5.969803094863892,{}
512,2.3,1.1,1.5,5,5,1.0,20.616433143615723,19.962404251098633,{}
512,2.3,1.2,1.5,5,5,1.0,62.25817551612854,42.88664722442627,{}
512,2.3,1.3,1.5,5,3,0.6,70.26764626502991,47.1336305141449,"{""TIMEOUT"": 2}"
512,2.3,1.4,1.5,5,0,0.0,123.99232048988343,123.34495782852173,"{""TIMEOUT"": 5}"
512,2.4,0.8,1.5,5,5,1.0,18.73114652633667,15.062817573547363,{}
512,2.4,0.9,1.5,5,5,1.0,32.058809232711795,28.5830237865448,{}
512,2.4,1.0,1.5,5,1,0.2,122.8443730354309,121.61571455001831,"{""TIMEOUT"": 4}"
512,2.4,1.1,1.5,5,0,0.0,120.67654590606689,120.46416926383972,"{""TIMEOUT"": 5}"
512,2.4,1.2,1.5,5,0,0.0,122.27284111976624,121.67381429672241,"{""TIMEOUT"": 5}"
512,2.4,1.3,1.5,5,0,0.0,121.74823102951049,121.40427255630493,"{""TIMEOUT"": 5}"
512,2.4,1.4,1.5,5,0,0.0,121.766934633255,122.16276407241821,"{""TIMEOUT"": 5}"
512,2.5,0.8,1.5,5,0,0.0,122.1620310306549,121.69766020774841,"{""TIMEOUT"": 5}"
512,2.5,0.9,1.5,5,0,0.0,122.84381766319275,122.71052479743958,"{""TIMEOUT"": 5}"
512,2.5,1.0,1.5,5,0,0.0,121.8780502319336,121.89999079704285,"{""TIMEOUT"": 5}"
512,2.5,1.1,1.5,5,0,0.0,121.02160177230834,120.31523108482361,"{""TIMEOUT"": 5}"
512,2.5,1.2,1.5,5,0,0.0,121.44435586929322,121.2426688671112,"{""TIMEOUT"": 5}"
512,2.5,1.3,1.5,5,0,0.0,122.32169823646545,122.23352551460266,"{""TIMEOUT"": 5}"
512,2.5,1.4,1.5,5,0,0.0,121.51327857971191,120.90669822692871,"{""TIMEOUT"": 5}"
512,1.8,0.8,1.9,5,5,1.0,1.6397758960723876,1.7011616230010986,{}
512,1.8,0.9,1.9,5,5,1.0,1.6281419754028321,1.560917854309082,{}
512,1.8,1.0,1.9,5,5,1.0,1.6032411098480224,1.6793124675750732,{}
512,1.8,1.1,1.9,5,5,1.0,1.6732001304626465,1.5862598419189453,{}
512,1.8,1.2,1.9,5,5,1.0,1.6245563507080079,1.7153337001800537,{}
512,1.8,1.3,1.9,5,5,1.0,1.7022741317749024,1.7650959491729736,{}
512,1.8,1.4,1.9,5,5,1.0,1.6939228534698487,1.7637710571289062,{}
512,1.9,0.8,1.9,5,5,1.0,1.6712908744812012,1.6490819454193115,{}
512,1.9,0.9,1.9,5,5,1.0,1.6956340312957763,1.7404139041900635,{}
512,1.9,1.0,1.9,5,5,1.0,1.7292489051818847,1.7099237442016602,{}
512,1.9,1.1,1.9,5,5,1.0,1.699976348876953,1.676234483718872,{}
512,1.9,1.2,1.9,5,5,1.0,1.788995122909546,1.9539644718170166,{}
512,1.9,1.3,1.9,5,5,1.0,1.8187388896942138,1.9300689697265625,{}
512,1.9,1.4,1.9,5,5,1.0,1.9282945156097413,1.8562238216400146,{}
512,2.0,0.8,1.9,5,5,1.0,1.7415694713592529,1.7039451599121094,{}
512,2.0,0.9,1.9,5,5,1.0,1.8050931453704835,1.6915404796600342,{}
512,2.0,1.0,1.9,5,5,1.0,1.9540346145629883,1.9446794986724854,{}
512,2.0,1.1,1.9,5,5,1.0,2.0076034545898436,2.011770725250244,{}
512,2.0,1.2,1.9,5,5,1.0,2.327621078491211,2.4453229904174805,{}
512,2.0,1.3,1.9,5,5,1.0,2.268070840835571,2.113778591156006,{}
512,2.0,1.4,1.9,5,5,1.0,3.48514838218689,3.175908088684082,{}
512,2.1,0.8,1.9,5,5,1.0,2.0508888721466065,2.0601232051849365,{}
512,2.1,0.9,1.9,5,5,1.0,2.318270969390869,2.3476691246032715,{}
512,2.1,1.0,1.9,5,5,1.0,2.6546597480773926,2.6554393768310547,{}
512,2.1,1.1,1.9,5,5,1.0,4.4323029041290285,4.507938623428345,{}
512,2.1,1.2,1.9,5,5,1.0,7.162579107284546,7.57899284362793,{}
512,2.1,1.3,1.9,5,5,1.0,12.150367021560669,11.126694202423096,{}
512,2.1,1.4,1.9,5,5,1.0,27.6664098739624,34.03712558746338,{}
512,2.2,0.8,1.9,5,5,1.0,3.367045211791992,3.4445512294769287,{}
512,2.2,0.9,1.9,5,5,1.0,5.0336463928222654,4.379780292510986,{}
512,2.2,1.0,1.9,5,5,1.0,13.3006187915802,13.909948825836182,{}
512,2.2,1.1,1.9,5,5,1.0,34.09092669486999,23.63624143600464,{}
512,2.2,1.2,1.9,5,1,0.2,113.57834568023682,120.96178102493286,"{""TIMEOUT"": 4}"
512,2.2,1.3,1.9,5,0,0.0,121.0654634475708,121.23863339424133,"{""TIMEOUT"": 5}"
512,2.2,1.4,1.9,5,0,0.0,121.73562264442444,121.48598885536194,"{""TIMEOUT"": 5}"
512,2.3,0.8,1.9,5,5,1.0,25.204324769973756,15.341414213180542,{}
512,2.3,0.9,1.9,5,3,0.6,90.96397943496704,102.65640020370483,"{""TIMEOUT"": 2}"
512,2.3,1.0,1.9,5,0,0.0,121.24020977020264,120.67126703262329,"{""TIMEOUT"": 5}"
512,2.3,1.1,1.9,5,0,0.0,120.48231973648072,120.3692901134491,"{""TIMEOUT"": 5}"
512,2.3,1.2,1.9,5,0,0.0,121.28553462028503,121.10347962379456,"{""TIMEOUT"": 5}"
512,2.3,1.3,1.9,5,0,0.0,120.65111565589905,120.11155557632446,"{""TIMEOUT"": 5}"
512,2.3,1.4,1.9,5,0,0.0,120.413982963562,120.19662523269653,"{""TIMEOUT"": 5}"
512,2.4,0.8,1.9,5,0,0.0,120.74677300453186,120.29810047149658,"{""TIMEOUT"": 5}"
512,2.4,0.9,1.9,5,0,0.0,121.26379141807556,120.27120089530945,"{""TIMEOUT"": 5}"
512,2.4,1.0,1.9,5,0,0.0,120.76149482727051,120.5597894191742,"{""TIMEOUT"": 5}"
512,2.4,1.1,1.9,5,0,0.0,120.6120391845703,120.41405153274536,"{""TIMEOUT"": 5}"
512,2.4,1.2,1.9,5,0,0.0,120.6294629573822,120.65467834472656,"{""TIMEOUT"": 5}"
512,2.4,1.3,1.9,5,0,0.0,120.55926551818848,120.37847828865051,"{""TIMEOUT"": 5}"
512,2.4,1.4,1.9,5,0,0.0,120.97649917602538,120.95020961761475,"{""TIMEOUT"": 5}"
512,2.5,0.8,1.9,5,0,0.0,121.13624477386475,121.18104791641235,"{""TIMEOUT"": 5}"
512,2.5,0.9,1.9,5,0,0.0,120.56337327957154,120.64234757423401,"{""TIMEOUT"": 5}"
512,2.5,1.0,1.9,5,0,0.0,120.36673030853271,120.14622235298157,"{""TIMEOUT"": 5}"
512,2.5,1.1,1.9,5,0,0.0,120.40433950424195,120.32324385643005,"{""TIMEOUT"": 5}"
512,2.5,1.2,1.9,5,0,0.0,120.51050901412964,120.49935746192932,"{""TIMEOUT"": 5}"
512,2.5,1.3,1.9,5,0,0.0,120.40596237182618,120.36366486549377,"{""TIMEOUT"": 5}"
512,2.5,1.4,1.9,5,0,0.0,120.45847573280335,120.36498427391052,"{""TIMEOUT"": 5}"
1024,1.8,0.8,1.0,5,5,1.0,1.5692919731140136,1.5330586433410645,{}
1024,1.8,0.9,1.0,5,5,1.0,1.5326620578765868,1.4393060207366943,{}
1024,1.8,1.0,1.0,5,5,1.0,1.7364315032958983,1.857417345046997,{}
1024,1.8,1.1,1.0,5,5,1.0,1.4619231224060059,1.44454026222229,{}
1024,1.8,1.2,1.0,5,5,1.0,1.6169904708862304,1.6239497661590576,{}
1024,1.8,1.3,1.0,5,5,1.0,1.5087036609649658,1.46836256980896,{}
1024,1.8,1.4,1.0,5,5,1.0,1.5779075622558594,1.609736442565918,{}
1024,1.9,0.8,1.0,5,5,1.0,1.698352861404419,1.545637607574463,{}
1024,1.9,0.9,1.0,5,5,1.0,1.6310320854187013,1.610931158065796,{}
1024,1.9,1.0,1.0,5,5,1.0,1.6922399997711182,1.5991852283477783,{}
1024,1.9,1.1,1.0,5,5,1.0,1.6498659610748292,1.6455447673797607,{}
1024,1.9,1.2,1.0,5,5,1.0,1.6109415531158446,1.61232590675354,{}
1024,1.9,1.3,1.0,5,5,1.0,1.6916429996490479,1.7459845542907715,{}
1024,1.9,1.4,1.0,5,5,1.0,1.9030604362487793,1.9035415649414062,{}
1024,2.0,0.8,1.0,5,5,1.0,1.6698189735412599,1.5622937679290771,{}
1024,2.0,0.9,1.0,5,5,1.0,1.7260523796081544,1.6696112155914307,{}
1024,2.0,1.0,1.0,5,5,1.0,1.8121459484100342,1.863213062286377,{}
1024,2.0,1.1,1.0,5,5,1.0,1.7984873294830321,1.7863712310791016,{}
1024,2.0,1.2,1.0,5,5,1.0,2.0361452102661133,2.1010122299194336,{}
1024,2.0,1.3,1.0,5,5,1.0,1.9099273681640625,1.878007173538208,{}
1024,2.0,1.4,1.0,5,5,1.0,2.133999300003052,2.1090564727783203,{}
1024,2.1,0.8,1.0,5,5,1.0,1.7925254344940185,1.688838005065918,{}
1024,2.1,0.9,1.0,5,5,1.0,1.8717804908752442,1.734595537185669,{}
1024,2.1,1.0,1.0,5,5,1.0,2.132500696182251,2.129563570022583,{}
1024,2.1,1.1,1.0,5,5,1.0,2.0818201541900634,2.1106505393981934,{}
1024,2.1,1.2,1.0,5,5,1.0,2.7288718700408934,2.6153807640075684,{}
1024,2.1,1.3,1.0,5,5,1.0,2.9248687744140627,2.8906586170196533,{}
1024,2.1,1.4,1.0,5,5,1.0,3.0470304012298586,2.808619260787964,{}
1024,2.2,0.8,1.0,5,5,1.0,2.257377290725708,2.285292148590088,{}
1024,2.2,0.9,1.0,5,5,1.0,2.600048542022705,2.551579236984253,{}
1024,2.2,1.0,1.0,5,5,1.0,3.0636242389678956,2.978562831878662,{}
1024,2.2,1.1,1.0,5,5,1.0,3.513172674179077,3.4238572120666504,{}
1024,2.2,1.2,1.0,5,5,1.0,4.04926815032959,3.940892219543457,{}
1024,2.2,1.3,1.0,5,5,1.0,5.41994457244873,4.006821393966675,{}
1024,2.2,1.4,1.0,5,5,1.0,6.234115171432495,6.12983250617981,{}
1024,2.3,0.8,1.0,5,5,1.0,3.505703258514404,3.516953706741333,{}
1024,2.3,0.9,1.0,5,5,1.0,4.887978458404541,4.05468225479126,{}
1024,2.3,1.0,1.0,5,5,1.0,5.062567472457886,5.111652374267578,{}
1024,2.3,1.1,1.0,5,5,1.0,10.411300373077392,8.686125755310059,{}
1024,2.3,1.2,1.0,5,5,1.0,28.8835807800293,24.248002529144287,{}
1024,2.3,1.3,1.0,5,5,1.0,29.494440412521364,32.69573616981506,{}
1024,2.3,1.4,1.0,5,4,0.8,89.12463593482971,69.06180214881897,"{""TIMEOUT"": 1}"
1024,2.4,0.8,1.0,5,5,1.0,13.115821170806885,13.38574743270874,{}
1024,2.4,0.9,1.0,5,5,1.0,22.002888011932374,25.534971475601196,{}
1024,2.4,1.0,1.0,5,5,1.0,57.77892336845398,44.562899589538574,{}
1024,2.4,1.1,1.0,5,0,0.0,136.9764856815338,130.95716881752014,"{""TIMEOUT"": 5}"
1024,2.4,1.2,1.0,5,0,0.0,150.44849705696106,136.4387981891632,"{""TIMEOUT"": 5}"
1024,2.4,1.3,1.0,5,0,0.0,129.93439598083495,130.681715965271,"{""TIMEOUT"": 5}"
1024,2.4,1.4,1.0,5,0,0.0,125.38775057792664,124.302725315094,"{""TIMEOUT"": 5}"
1024,2.5,0.8,1.0,5,3,0.6,148.49026770591735,142.18622279167175,"{""TIMEOUT"": 2}"
1024,2.5,0.9,1.0,5,0,0.0,146.5705822467804,143.76094126701355,"{""TIMEOUT"": 5}"
1024,2.5,1.0,1.0,5,0,0.0,136.29098229408265,132.51521039009094,"{""TIMEOUT"": 5}"
1024,2.5,1.1,1.0,5,0,0.0,126.17830896377563,126.15526485443115,"{""TIMEOUT"": 5}"
1024,2.5,1.2,1.0,5,0,0.0,123.87847380638122,123.38232398033142,"{""TIMEOUT"": 5}"
1024,2.5,1.3,1.0,5,0,0.0,121.8675407409668,121.08881998062134,"{""TIMEOUT"": 5}"
1024,2.5,1.4,1.0,5,0,0.0,122.26970434188843,120.84884738922119,"{""TIMEOUT"": 5}"
1024,1.8,0.8,1.5,5,5,1.0,2.042571449279785,2.0714919567108154,{}
1024,1.8,0.9,1.5,5,5,1.0,2.014193296432495,2.0026309490203857,{}
1024,1.8,1.0,1.5,5,5,1.0,1.9978702068328857,1.869436502456665,{}
1024,1.8,1.1,1.5,5,5,1.0,2.0407307147979736,2.03584361076355,{}
1024,1.8,1.2,1.5,5,5,1.0,2.0905181884765627,2.0178422927856445,{}
1024,1.8,1.3,1.5,5,5,1.0,2.0959733009338377,1.9890551567077637,{}
1024,1.8,1.4,1.5,5,5,1.0,2.291011333465576,1.901181936264038,{}
1024,1.9,0.8,1.5,5,5,1.0,2.1614294052124023,2.214646339416504,{}
1024,1.9,0.9,1.5,5,5,1.0,2.2382547855377197,2.313234806060791,{}
1024,1.9,1.0,1.5,5,5,1.0,2.1214036464691164,2.1018688678741455,{}
1024,1.9,1.1,1.5,5,5,1.0,2.3307891845703126,2.370913505554199,{}
1024,1.9,1.2,1.5,5,5,1.0,2.2399141788482666,1.9470429420471191,{}
1024,1.9,1.3,1.5,5,5,1.0,2.521454906463623,2.3761348724365234,{}
1024,1.9,1.4,1.5,5,5,1.0,2.472517156600952,2.377899408340454,{}
1024,2.0,0.8,1.5,5,5,1.0,2.314823055267334,2.478668689727783,{}
1024,2.0,0.9,1.5,5,5,1.0,2.2283385753631593,2.098357915878296,{}
1024,2.0,1.0,1.5,5,5,1.0,2.6058343410491944,2.6378235816955566,{}
1024,2.0,1.1,1.5,5,5,1.0,2.501069211959839,2.5042073726654053,{}
1024,2.0,1.2,1.5,5,5,1.0,2.7028181076049806,2.5088083744049072,{}
1024,2.0,1.3,1.5,5,5,1.0,3.000684118270874,2.9979372024536133,{}
1024,2.0,1.4,1.5,5,5,1.0,3.5307473659515383,3.458374261856079,{}
1024,2.1,0.8,1.5,5,5,1.0,2.54142279624939,2.6155846118927,{}
1024,2.1,0.9,1.5,5,5,1.0,2.8001801013946532,2.6871800422668457,{}
1024,2.1,1.0,1.5,5,5,1.0,3.1747324466705322,3.3048994541168213,{}
1024,2.1,1.1,1.5,5,5,1.0,3.4014976024627686,3.1498663425445557,{}
1024,2.1,1.2,1.5,5,5,1.0,3.7885167598724365,4.011204481124878,{}
1024,2.1,1.3,1.5,5,5,1.0,4.602147722244263,4.486377000808716,{}
1024,2.1,1.4,1.5,5,5,1.0,5.222345781326294,4.812090635299683,{}
1024,2.2,0.8,1.5,5,5,1.0,4.110391235351562,4.139578342437744,{}
1024,2.2,0.9,1.5,5,5,1.0,4.004567337036133,4.235046625137329,{}
1024,2.2,1.0,1.5,5,5,1.0,5.592212438583374,5.312594413757324,{}
1024,2.2,1.1,1.5,5,5,1.0,8.277220869064331,8.93091630935669,{}
1024,2.2,1.2,1.5,5,5,1.0,14.504623889923096,14.464294672012329,{}
1024,2.2,1.3,1.5,5,5,1.0,16.378653383255006,13.804053544998169,{}
1024,2.2,1.4,1.5,5,5,1.0,39.57221422195435,32.011070728302,{}
1024,2.3,0.8,1.5,5,5,1.0,6.929259824752807,6.592595815658569,{}
1024,2.3,0.9,1.5,5,5,1.0,12.590450811386109,11.981820583343506,{}
1024,2.3,1.0,1.5,5,5,1.0,42.0207483291626,25.725369453430176,{}
1024,2.3,1.1,1.5,5,4,0.8,92.0531436920166,103.58981919288635,"{""TIMEOUT"": 1}"
1024,2.3,1.2,1.5,5,1,0.2,122.95442485809326,122.9699273109436,"{""TIMEOUT"": 4}"
1024,2.3,1.3,1.5,5,0,0.0,131.1405298233032,128.96916317939758,"{""TIMEOUT"": 5}"
1024,2.3,1.4,1.5,5,0,0.0,123.22582197189331,123.34848690032959,"{""TIMEOUT"": 5}"
1024,2.4,0.8,1.5,5,4,0.8,73.47154579162597,82.33387327194214,"{""TIMEOUT"": 1}"
1024,2.4,0.9,1.5,5,1,0.2,125.99289436340332,130.44749188423157,"{""TIMEOUT"": 4}"
1024,2.4,1.0,1.5,5,0,0.0,133.91994471549987,129.40318846702576,"{""TIMEOUT"": 5}"
1024,2.4,1.1,1.5,5,0,0.0,123.78726167678833,123.11749124526978,"{""TIMEOUT"": 5}"
1024,2.4,1.2,1.5,5,0,0.0,122.35735874176025,122.40123319625854,"{""TIMEOUT"": 5}"
1024,2.4,1.3,1.5,5,0,0.0,124.08269114494324,123.68875288963318,"{""TIMEOUT"": 5}"
1024,2.4,1.4,1.5,5,0,0.0,122.01446995735168,121.01245045661926,"{""TIMEOUT"": 5}"
1024,2.5,0.8,1.5,5,0,0.0,125.39422030448914,124.90048170089722,"{""TIMEOUT"": 5}"
1024,2.5,0.9,1.5,5,0,0.0,122.49568281173705,121.18438029289246,"{""TIMEOUT"": 5}"
1024,2.5,1.0,1.5,5,0,0.0,121.55759882926941,121.87108421325684,"{""TIMEOUT"": 5}"
1024,2.5,1.1,1.5,5,0,0.0,123.01083159446716,123.16105151176453,"{""TIMEOUT"": 5}"
1024,2.5,1.2,1.5,5,0,0.0,122.01561179161072,121.44836640357971,"{""TIMEOUT"": 5}"
1024,2.5,1.3,1.5,5,0,0.0,121.05091433525085,120.52110624313354,"{""TIMEOUT"": 5}"
1024,2.5,1.4,1.5,5,0,0.0,122.333580160141,122.99116134643555,"{""TIMEOUT"": 5}"
1024,1.8,0.8,1.9,5,5,1.0,3.7916598320007324,3.680349826812744,{}
1024,1.8,0.9,1.9,5,5,1.0,3.832267951965332,3.6212759017944336,{}
1024,1.8,1.0,1.9,5,5,1.0,4.102749824523926,4.037067651748657,{}
1024,1.8,1.1,1.9,5,5,1.0,3.898081970214844,3.630849838256836,{}
1024,1.8,1.2,1.9,5,5,1.0,3.930782508850098,4.088939905166626,{}
1024,1.8,1.3,1.9,5,5,1.0,3.9721303462982176,3.7380611896514893,{}
1024,1.8,1.4,1.9,5,5,1.0,4.11465106010437,3.895314931869507,{}
1024,1.9,0.8,1.9,5,5,1.0,4.132733869552612,3.9609835147857666,{}
1024,1.9,0.9,1.9,5,5,1.0,4.1045615673065186,3.990602970123291,{}
1024,1.9,1.0,1.9,5,5,1.0,4.145866584777832,3.8436765670776367,{}
1024,1.9,1.1,1.9,5,5,1.0,4.07138032913208,3.6690480709075928,{}
1024,1.9,1.2,1.9,5,5,1.0,4.616409349441528,4.340041637420654,{}
1024,1.9,1.3,1.9,5,5,1.0,4.491992807388305,4.564914226531982,{}
1024,1.9,1.4,1.9,5,5,1.0,4.786366510391235,4.8168113231658936,{}
1024,2.0,0.8,1.9,5,5,1.0,4.188294982910156,4.367927551269531,{}
1024,2.0,0.9,1.9,5,5,1.0,4.321385908126831,3.959115505218506,{}
1024,2.0,1.0,1.9,5,5,1.0,4.702157592773437,4.147032260894775,{}
1024,2.0,1.1,1.9,5,5,1.0,5.384376859664917,5.470510005950928,{}
1024,2.0,1.2,1.9,5,5,1.0,6.24847297668457,5.856177806854248,{}
1024,2.0,1.3,1.9,5,5,1.0,7.0455406665802,7.2166948318481445,{}
1024,2.0,1.4,1.9,5,5,1.0,8.422757577896117,8.00935435295105,{}
1024,2.1,0.8,1.9,5,5,1.0,5.064582824707031,5.209677219390869,{}
1024,2.1,0.9,1.9,5,5,1.0,5.536220550537109,5.616717338562012,{}
1024,2.1,1.0,1.9,5,5,1.0,8.469312763214111,8.438889503479004,{}
1024,2.1,1.1,1.9,5,5,1.0,12.052738666534424,11.657483100891113,{}
1024,2.1,1.2,1.9,5,5,1.0,20.22999577522278,17.61104130744934,{}
1024,2.1,1.3,1.9,5,5,1.0,41.90378890037537,44.40312600135803,{}
1024,2.1,1.4,1.9,5,5,1.0,82.7633620262146,82.82293224334717,{}
1024,2.2,0.8,1.9,5,5,1.0,11.08023533821106,10.372743844985962,{}
1024,2.2,0.9,1.9,5,5,1.0,22.565811538696288,23.048154830932617,{}
1024,2.2,1.0,1.9,5,5,1.0,50.368171739578244,49.41095781326294,{}
1024,2.2,1.1,1.9,5,1,0.2,118.12742524147033,121.74900078773499,"{""TIMEOUT"": 4}"
1024,2.2,1.2,1.9,5,0,0.0,122.19312171936035,120.21427822113037,"{""TIMEOUT"": 5}"
1024,2.2,1.3,1.9,5,0,0.0,122.22124209403992,121.82082104682922,"{""TIMEOUT"": 5}"
1024,2.2,1.4,1.9,5,0,0.0,122.31110348701478,122.45058584213257,"{""TIMEOUT"": 5}"
1024,2.3,0.8,1.9,5,1,0.2,126.64984259605407,125.54115843772888,"{""TIMEOUT"": 4}"
1024,2.3,0.9,1.9,5,0,0.0,123.26599292755127,122.5355224609375,"{""TIMEOUT"": 5}"
1024,2.3,1.0,1.9,5,0,0.0,122.02084364891053,121.83245468139648,"{""TIMEOUT"": 5}"
1024,2.3,1.1,1.9,5,0,0.0,121.07737503051757,120.58868503570557,"{""TIMEOUT"": 5}"
1024,2.3,1.2,1.9,5,0,0.0,121.14611506462097,121.26015090942383,"{""TIMEOUT"": 5}"
1024,2.3,1.3,1.9,5,0,0.0,120.90585718154907,120.78434419631958,"{""TIMEOUT"": 5}"
1024,2.3,1.4,1.9,5,0,0.0,120.52130393981933,120.39514684677124,"{""TIMEOUT"": 5}"
1024,2.4,0.8,1.9,5,0,0.0,123.76907625198365,122.78951072692871,"{""TIMEOUT"": 5}"
1024,2.4,0.9,1.9,5,0,0.0,121.02555804252624,121.09650778770447,"{""TIMEOUT"": 5}"
1024,2.4,1.0,1.9,5,0,0.0,120.60532631874085,120.5630431175232,"{""TIMEOUT"": 5}"
1024,2.4,1.1,1.9,5,0,0.0,120.98342938423157,120.88757157325745,"{""TIMEOUT"": 5}"
1024,2.4,1.2,1.9,5,0,0.0,120.49657216072083,120.60387945175171,"{""TIMEOUT"": 5}"
1024,2.4,1.3,1.9,5,0,0.0,120.54756150245666,120.58435082435608,"{""TIMEOUT"": 5}"
1024,2.4,1.4,1.9,5,0,0.0,120.8550790309906,120.86402988433838,"{""TIMEOUT"": 5}"
1024,2.5,0.8,1.9,5,0,0.0,120.70547938346863,120.46734046936035,"{""TIMEOUT"": 5}"
1024,2.5,0.9,1.9,5,0,0.0,121.01644725799561,120.82162284851074,"{""TIMEOUT"": 5}"
1024,2.5,1.0,1.9,5,0,0.0,120.48803386688232,120.31490349769592,"{""TIMEOUT"": 5}"
1024,2.5,1.1,1.9,5,0,0.0,120.74732670783996,120.68342137336731,"{""TIMEOUT"": 5}"
1024,2.5,1.2,1.9,5,0,0.0,120.61663355827332,120.69624352455139,"{""TIMEOUT"": 5}"
1024,2.5,1.3,1.9,5,0,0.0,120.39589405059814,120.25885224342346,"{""TIMEOUT"": 5}"
1024,2.5,1.4,1.9,5,0,0.0,120.32579016685486,120.3254714012146,"{""TIMEOUT"": 5}"
